[
    {
        "dataSetId": 3,
        "dataSet": "JadwalKegiatan",
        "description": null,
        "userId": 1,
        "lastDataEdit": 1627964168,
        "owner": "admin",
        "groupsWithPermissions": null,
        "code": null,
        "isLookup": 0,
        "isRemote": 0,
        "method": null,
        "uri": null,
        "postData": null,
        "authentication": null,
        "username": null,
        "password": null,
        "customHeaders": null,
        "refreshRate": 86400,
        "clearRate": 0,
        "runsAfter": 0,
        "lastSync": 0,
        "lastClear": 0,
        "dataRoot": null,
        "summarize": null,
        "summarizeField": null,
        "sourceId": 0,
        "ignoreFirstRow": 0,
        "columns": [
            {
                "dataSetColumnId": 9,
                "dataSetId": 3,
                "heading": "Tanggal",
                "dataTypeId": 3,
                "dataSetColumnTypeId": 1,
                "listContent": null,
                "columnOrder": "1",
                "formula": null,
                "dataType": "Date",
                "remoteField": null,
                "showFilter": 0,
                "showSort": 0,
                "dataSetColumnType": "Value"
            },
            {
                "dataSetColumnId": 10,
                "dataSetId": 3,
                "heading": "Kegiatan",
                "dataTypeId": 1,
                "dataSetColumnTypeId": 1,
                "listContent": null,
                "columnOrder": "2",
                "formula": null,
                "dataType": "String",
                "remoteField": null,
                "showFilter": 0,
                "showSort": 0,
                "dataSetColumnType": "Value"
            },
            {
                "dataSetColumnId": 11,
                "dataSetId": 3,
                "heading": "Keterangan",
                "dataTypeId": 1,
                "dataSetColumnTypeId": 1,
                "listContent": null,
                "columnOrder": "3",
                "formula": null,
                "dataType": "String",
                "remoteField": null,
                "showFilter": 0,
                "showSort": 0,
                "dataSetColumnType": "Value"
            },
            {
                "dataSetColumnId": 12,
                "dataSetId": 3,
                "heading": "Waktu",
                "dataTypeId": 1,
                "dataSetColumnTypeId": 2,
                "listContent": null,
                "columnOrder": "4",
                "formula": "CASE WHEN DATE_FORMAT(Tanggal, '%W') = \"Sunday\" THEN CONCAT(\"Minggu\", \", \", DATE_FORMAT(Tanggal, '%d-%m-%Y %H:%i')) WHEN DATE_FORMAT(Tanggal, '%W') = \"Monday\" THEN CONCAT(\"Senin\", \", \", DATE_FORMAT(Tanggal, '%d-%m-%Y %H:%i')) WHEN DATE_FORMAT(Tanggal, '%W') = \"Tuesday\" THEN CONCAT(\"Selasa\", \", \", DATE_FORMAT(Tanggal, '%d-%m-%Y %H:%i')) WHEN DATE_FORMAT(Tanggal, '%W') = \"Wednesday\" THEN CONCAT(\"Rabu\", \", \", DATE_FORMAT(Tanggal, '%d-%m-%Y %H:%i')) WHEN DATE_FORMAT(Tanggal, '%W') = \"Thursday\" THEN CONCAT(\"Kamis\", \", \", DATE_FORMAT(Tanggal, '%d-%m-%Y %H:%i')) WHEN DATE_FORMAT(Tanggal, '%W') = \"Friday\" THEN CONCAT(\"Jumat\", \", \", DATE_FORMAT(Tanggal, '%d-%m-%Y %H:%i')) WHEN DATE_FORMAT(Tanggal, '%W') = \"Saturday\" THEN CONCAT(\"Sabtu\", \", \", DATE_FORMAT(Tanggal, '%d-%m-%Y %H:%i')) ELSE \"Error\" END",
                "dataType": "String",
                "remoteField": null,
                "showFilter": 0,
                "showSort": 0,
                "dataSetColumnType": "Formula"
            }
        ],
        "data": [
            {
                "id": "1",
                "Tanggal": "2021-08-12 13:30:00",
                "Kegiatan": "Meeting",
                "Keterangan": ""
            }
        ]
    }
]