<?xml version="1.0"?>
<layout width="1920" height="1080" bgcolor="#ffffff" schemaVersion="3" enableStat="0"><region id="26" width="1920" height="1080" top="0" left="0"><options><loop>0</loop><transitionDirection>N</transitionDirection><transitionDuration/><transitionType/></options><media id="42" type="image" render="native" duration="10" useDuration="0" fromDt="1970-01-01 07:00:00" toDt="2038-01-19 10:14:07" enableStat="0" fileId="40"><options><uri>40.png</uri><enableStat>Inherit</enableStat><scaleType>center</scaleType></options><raw/></media></region><region id="27" width="300" height="120" top="961" left="1604"><options><loop>0</loop><transitionDirection>N</transitionDirection><transitionDuration/><transitionType/></options><media id="36" type="embedded" render="native" duration="60" useDuration="0" fromDt="1970-01-01 07:00:00" toDt="2038-01-19 10:14:07" enableStat="0"><options><embedHtml_advanced>0</embedHtml_advanced><enableStat>Inherit</enableStat><lowerLimit>0</lowerLimit><scaleContent>0</scaleContent><transparency>0</transparency><updateInterval>525600</updateInterval><upperLimit>0</upperLimit></options><raw><embedHtml><![CDATA[<link rel="preconnect" href="https://fonts.googleapis.com">
<link rel="preconnect" href="https://fonts.gstatic.com" crossorigin>
<link href="https://fonts.googleapis.com/css2?family=Inter&display=swap" rel="stylesheet">

<span style="font-size: 32px; color:#000;" id="date"></span>
<script>
    setInterval(function() {
        n = new Date();
        d = (n.getDate() < 10 ? '0' : '') + (n.getDate());
        m = ((n.getMonth() + 1) < 10 ? '0' : '') + (n.getMonth() + 1);
        y = n.getFullYear();
        h = (n.getHours() < 10 ? '0' : '') + (n.getHours());
        min = (n.getMinutes() < 10 ? '0' : '') + (n.getMinutes())
        sec = (n.getSeconds() < 10 ? '0' : '') + (n.getSeconds())
        document.getElementById("date").innerHTML = d + "/" + m + "/" + y + "  " + h + ":" + min + ":" + sec;
    }, 100);
</script>]]></embedHtml><embedStyle><![CDATA[* {
    font-family: 'Inter', sans-serif;
}]]></embedStyle></raw></media></region><region id="33" width="965" height="109" top="267" left="922"><options><loop>0</loop><transitionDirection>N</transitionDirection><transitionDuration/><transitionType/></options><media id="43" type="embedded" render="native" duration="60" useDuration="0" fromDt="1970-01-01 07:00:00" toDt="2038-01-19 10:14:07" enableStat="0"><options><embedHtml_advanced>0</embedHtml_advanced><enableStat>Inherit</enableStat><lowerLimit>0</lowerLimit><scaleContent>0</scaleContent><transparency>0</transparency><upperLimit>0</upperLimit><updateInterval>525600</updateInterval></options><raw><embedHtml><![CDATA[<div class="tengah">
  <h1>Jadwal Kegiatan</h1>
</div>]]></embedHtml><embedStyle><![CDATA[.tengah {
  display: flex;
  justify-content: center;
  align-items: center;
  height: 90px;
}

h1{
 color: black;
}]]></embedStyle></raw></media></region><region id="34" width="965" height="530" top="375" left="922"><options><loop>0</loop><transitionDirection>N</transitionDirection><transitionDuration/><transitionType/></options><media id="44" type="datasetview" render="native" duration="60" useDuration="0" fromDt="1970-01-01 07:00:00" toDt="2038-01-19 10:14:07" enableStat="0"><options><columns>12,10,11</columns><dataSetId>3</dataSetId><durationIsPerPage>0</durationIsPerPage><enableStat>Inherit</enableStat><filterClauses>[]</filterClauses><lowerLimit>0</lowerLimit><noDataMessage_advanced>0</noDataMessage_advanced><orderClauses>[]</orderClauses><overrideTemplate>1</overrideTemplate><showHeadings>1</showHeadings><templateId>empty</templateId><updateInterval>5</updateInterval><upperLimit>0</upperLimit><useFilteringClause>0</useFilteringClause><useOrderingClause>0</useOrderingClause></options><raw><javaScript><![CDATA[WebFontConfig = {
  google: {
    families: ['Inter:400']
  }
};

(function(d) {
  var wf = d.createElement('script'), s = d.scripts[0];
  wf.src = 'https://ajax.googleapis.com/ajax/libs/webfont/1.6.26/webfont.js';
  wf.async = true;
  s.parentNode.insertBefore(wf, s);
})(document);]]></javaScript><noDataMessage><![CDATA[<span style="font-size: 48px; color:#000000;">No Data returned from the source</span>]]></noDataMessage><styleSheet><![CDATA[@import url('https://fonts.googleapis.com/css2 family=Inter&display=swap');

table.DataSetTable {
  font-family: "Inter", sans-serif;  
  width:100%;
  border-collapse:collapse;
}

tr.HeaderRow {
  font-size:40pt;
  text-align:center;
  padding: 10px auto;
  background-color:#009051;
  color:#ffffff;
}

tr#row_1 { 
  color:#000000;
  background-color:#EAF2D3;
}

td#col_1 {
  color:#000000;
  background-color:#EAF2D3;
}

td.DataSetColumn {
  color: black;
  font-size: 24pt;
  background-color:#EAF2D3;
  border:1px solid #98bf21
}

tr.DataSetRow {
  text-align: center;
  color: #000000;
  background-color: #EAF2D3;
  border: 1px solid #98bf21
  padding-top: 5px;
  padding-bottom: 4px;
}

th.DataSetColumnHeaderCell {
  font-size:1em;
  border:2px solid #ffdd21;
  padding:3px 7px 2px 7px;
}

span#1_1 {

}

span.DataSetColumnSpan {

}]]></styleSheet></raw></media></region><region id="30" width="1592" height="120" top="959" left="0"><options><loop>0</loop><transitionDirection>N</transitionDirection><transitionDuration/><transitionType/></options><media id="39" type="embedded" render="native" duration="60" useDuration="0" fromDt="1970-01-01 07:00:00" toDt="2038-01-19 10:14:07" enableStat="0"><options><embedHtml_advanced>0</embedHtml_advanced><enableStat>Inherit</enableStat><lowerLimit>0</lowerLimit><scaleContent>0</scaleContent><transparency>0</transparency><updateInterval>525600</updateInterval><upperLimit>0</upperLimit></options><raw><embedHtml><![CDATA[<article>
<div>
<marquee><span style="font-size: 30px; color:#fff;">Selamat Datang di Diskominfo Kabupaten Malang</span></marquee>
</div>
</article>]]></embedHtml><embedStyle><![CDATA[body {
text-align: center;
padding: 8px;
background-image: url('https://diskominfo.okuselatankab.go.id/wp-content/uploads/sites/8/2018/05/Web-Background-2.jpg');
}

article {
display: block;
max-width: 700px;
margin: 0 auto;
margin-top: 15px;
}]]></embedStyle></raw></media></region><region id="32" width="761" height="535" top="336" left="92"><options><loop>0</loop><transitionDirection>N</transitionDirection><transitionDuration/><transitionType/></options><media id="41" type="embedded" render="native" duration="60" useDuration="0" fromDt="1970-01-01 07:00:00" toDt="2038-01-19 10:14:07" enableStat="0"><options><embedHtml_advanced>0</embedHtml_advanced><enableStat>Inherit</enableStat><lowerLimit>0</lowerLimit><name>Youtube Video Kominfo Kab. Malang</name><scaleContent>0</scaleContent><transparency>0</transparency><updateInterval>525600</updateInterval><upperLimit>0</upperLimit></options><raw><embedHtml><![CDATA[<div id="player"></div>

<script>
    var tag = document.createElement('script');
    tag.src = "https://www.youtube.com/iframe_api";
    var firstScriptTag = document.getElementsByTagName('script')[0];
    firstScriptTag.parentNode.insertBefore(tag, firstScriptTag);
    var player;

    function onYouTubePlayerAPIReady() {
        player = new YT.Player('player', {
            height: '295',
            width: '525',
            events: {
                'onReady': onPlayerReady,
            }
        });
    }

    function onPlayerReady(event) {
        event.target.loadPlaylist(['fxkKjJ4d3sQ', '68NgIjuL48U', 'A_7OCfPadiU']);
        event.target.setLoop(true);
    }
</script>]]></embedHtml></raw></media></region><tags><tag>imported</tag></tags></layout>
