{"layout":"Kominfo Kab. Malang","description":"","regions":{"26":"Background","27":"Date","33":"Jadwal Kegiatan-1","34":"Kominfo Kab. Malang-7","30":"Runnig Text","32":"Video"},"layoutDefinitions":{"layoutId":7,"ownerId":1,"campaignId":4,"parentId":null,"publishedStatusId":1,"publishedStatus":"Published","publishedDate":null,"backgroundImageId":null,"schemaVersion":3,"layout":"Kominfo Kab. Malang","description":"","backgroundColor":"#ffffff","createdDt":"2021-07-30 07:43:27","modifiedDt":"2021-08-04 10:52:40","status":2,"retired":0,"backgroundzIndex":0,"width":1920,"height":1080,"displayOrder":null,"duration":60,"statusMessage":"[\"pkl revisi.png sedang menunggu konversi\"]","enableStat":0,"autoApplyTransitions":0,"regions":[{"regionId":26,"layoutId":7,"ownerId":1,"name":"Background","width":"1920","height":"1080","top":"0","left":"0","zIndex":0,"regionOptions":[{"regionId":26,"option":"loop","value":"0"},{"regionId":26,"option":"transitionDirection","value":"N"},{"regionId":26,"option":"transitionDuration","value":""},{"regionId":26,"option":"transitionType","value":""}],"permissions":[],"duration":"10","tempId":null,"regionPlaylist":{"playlistId":26,"ownerId":1,"name":"Background","regionId":26,"isDynamic":0,"filterMediaName":null,"filterMediaTags":null,"createdDt":"2021-07-30 07:43:27","modifiedDt":"2021-08-02 07:48:11","duration":"0","requiresDurationUpdate":1,"enableStat":null,"tags":[],"widgets":[{"widgetId":42,"playlistId":26,"ownerId":1,"type":"image","duration":10,"displayOrder":"1","useDuration":0,"calculatedDuration":10,"createdDt":1627883289,"modifiedDt":1627883289,"fromDt":0,"toDt":2147483647,"transitionIn":null,"transitionOut":null,"transitionDurationIn":null,"transitionDurationOut":null,"widgetOptions":[{"widgetId":42,"type":"attrib","option":"enableStat","value":"Inherit"},{"widgetId":42,"type":"attrib","option":"scaleType","value":"center"}],"mediaIds":["40"],"audio":[],"permissions":[],"playlist":"Background","tempId":null,"isNew":false}],"permissions":[],"tempId":null,"tagValues":null,"owner":"admin","groupsWithPermissions":null}},{"regionId":27,"layoutId":7,"ownerId":1,"name":"Date","width":"300","height":"120","top":"961","left":"1604","zIndex":0,"regionOptions":[{"regionId":27,"option":"loop","value":"0"},{"regionId":27,"option":"transitionDirection","value":"N"},{"regionId":27,"option":"transitionDuration","value":""},{"regionId":27,"option":"transitionType","value":""}],"permissions":[],"duration":"60","tempId":null,"regionPlaylist":{"playlistId":27,"ownerId":1,"name":"Date","regionId":27,"isDynamic":0,"filterMediaName":null,"filterMediaTags":null,"createdDt":"2021-07-30 07:43:27","modifiedDt":"2021-07-30 07:43:28","duration":"0","requiresDurationUpdate":1,"enableStat":null,"tags":[],"widgets":[{"widgetId":36,"playlistId":27,"ownerId":1,"type":"embedded","duration":60,"displayOrder":"1","useDuration":0,"calculatedDuration":60,"createdDt":1627623789,"modifiedDt":1627623807,"fromDt":0,"toDt":2147483647,"transitionIn":null,"transitionOut":null,"transitionDurationIn":null,"transitionDurationOut":null,"widgetOptions":[{"widgetId":36,"type":"attrib","option":"embedHtml_advanced","value":"0"},{"widgetId":36,"type":"attrib","option":"enableStat","value":"Inherit"},{"widgetId":36,"type":"attrib","option":"lowerLimit","value":"0"},{"widgetId":36,"type":"attrib","option":"scaleContent","value":"0"},{"widgetId":36,"type":"attrib","option":"transparency","value":"0"},{"widgetId":36,"type":"attrib","option":"updateInterval","value":"525600"},{"widgetId":36,"type":"attrib","option":"upperLimit","value":"0"},{"widgetId":36,"type":"cdata","option":"embedHtml","value":"<link rel=\"preconnect\" href=\"https:\/\/fonts.googleapis.com\">\n<link rel=\"preconnect\" href=\"https:\/\/fonts.gstatic.com\" crossorigin>\n<link href=\"https:\/\/fonts.googleapis.com\/css2?family=Inter&display=swap\" rel=\"stylesheet\">\n\n<span style=\"font-size: 32px; color:#000;\" id=\"date\"><\/span>\n<script>\n    setInterval(function() {\n        n = new Date();\n        d = (n.getDate() < 10 ? '0' : '') + (n.getDate());\n        m = ((n.getMonth() + 1) < 10 ? '0' : '') + (n.getMonth() + 1);\n        y = n.getFullYear();\n        h = (n.getHours() < 10 ? '0' : '') + (n.getHours());\n        min = (n.getMinutes() < 10 ? '0' : '') + (n.getMinutes())\n        sec = (n.getSeconds() < 10 ? '0' : '') + (n.getSeconds())\n        document.getElementById(\"date\").innerHTML = d + \"\/\" + m + \"\/\" + y + \"  \" + h + \":\" + min + \":\" + sec;\n    }, 100);\n<\/script>"},{"widgetId":36,"type":"cdata","option":"embedStyle","value":"* {\n    font-family: 'Inter', sans-serif;\n}"}],"mediaIds":[],"audio":[],"permissions":[],"playlist":"Date","tempId":null,"isNew":false}],"permissions":[],"tempId":null,"tagValues":null,"owner":"admin","groupsWithPermissions":null}},{"regionId":33,"layoutId":7,"ownerId":1,"name":"Jadwal Kegiatan-1","width":"965","height":"109","top":"267","left":"922","zIndex":0,"regionOptions":[{"regionId":33,"option":"loop","value":"0"},{"regionId":33,"option":"transitionDirection","value":"N"},{"regionId":33,"option":"transitionDuration","value":null},{"regionId":33,"option":"transitionType","value":null}],"permissions":[],"duration":"60","tempId":null,"regionPlaylist":{"playlistId":33,"ownerId":1,"name":"Jadwal Kegiatan-1","regionId":33,"isDynamic":0,"filterMediaName":null,"filterMediaTags":null,"createdDt":"2021-08-03 04:07:41","modifiedDt":"2021-08-03 05:27:30","duration":"0","requiresDurationUpdate":1,"enableStat":null,"tags":[],"widgets":[{"widgetId":43,"playlistId":33,"ownerId":1,"type":"embedded","duration":60,"displayOrder":"1","useDuration":0,"calculatedDuration":60,"createdDt":1627956526,"modifiedDt":1627961356,"fromDt":0,"toDt":2147483647,"transitionIn":null,"transitionOut":null,"transitionDurationIn":null,"transitionDurationOut":null,"widgetOptions":[{"widgetId":43,"type":"attrib","option":"embedHtml_advanced","value":"0"},{"widgetId":43,"type":"attrib","option":"enableStat","value":"Inherit"},{"widgetId":43,"type":"attrib","option":"lowerLimit","value":"0"},{"widgetId":43,"type":"attrib","option":"name","value":null},{"widgetId":43,"type":"attrib","option":"scaleContent","value":"0"},{"widgetId":43,"type":"attrib","option":"transparency","value":"0"},{"widgetId":43,"type":"attrib","option":"upperLimit","value":"0"},{"widgetId":43,"type":"cdata","option":"embedHtml","value":"<div class=\"tengah\">\r\n  <h1>Jadwal Kegiatan<\/h1>\r\n<\/div>"},{"widgetId":43,"type":"cdata","option":"embedScript","value":null},{"widgetId":43,"type":"cdata","option":"embedStyle","value":".tengah {\r\n  display: flex;\r\n  justify-content: center;\r\n  align-items: center;\r\n  height: 90px;\r\n}\r\n\r\nh1{\r\n color: black;\r\n}"}],"mediaIds":[],"audio":[],"permissions":[],"playlist":"Jadwal Kegiatan-1","tempId":null,"isNew":false}],"permissions":[],"tempId":null,"tagValues":null,"owner":"admin","groupsWithPermissions":null}},{"regionId":34,"layoutId":7,"ownerId":1,"name":"Kominfo Kab. Malang-7","width":"965","height":"530","top":"375","left":"922","zIndex":0,"regionOptions":[{"regionId":34,"option":"loop","value":"0"},{"regionId":34,"option":"transitionDirection","value":"N"},{"regionId":34,"option":"transitionDuration","value":null},{"regionId":34,"option":"transitionType","value":null}],"permissions":[],"duration":"60","tempId":null,"regionPlaylist":{"playlistId":34,"ownerId":1,"name":"Kominfo Kab. Malang-7","regionId":34,"isDynamic":0,"filterMediaName":null,"filterMediaTags":null,"createdDt":"2021-08-03 04:20:47","modifiedDt":"2021-08-03 06:12:54","duration":"0","requiresDurationUpdate":1,"enableStat":null,"tags":[],"widgets":[{"widgetId":44,"playlistId":34,"ownerId":1,"type":"datasetview","duration":60,"displayOrder":"1","useDuration":0,"calculatedDuration":60,"createdDt":1627957266,"modifiedDt":1627964227,"fromDt":0,"toDt":2147483647,"transitionIn":null,"transitionOut":null,"transitionDurationIn":null,"transitionDurationOut":null,"widgetOptions":[{"widgetId":44,"type":"attrib","option":"backgroundColor","value":null},{"widgetId":44,"type":"attrib","option":"borderColor","value":null},{"widgetId":44,"type":"attrib","option":"columns","value":"12,10,11"},{"widgetId":44,"type":"attrib","option":"dataSetId","value":"3"},{"widgetId":44,"type":"attrib","option":"durationIsPerPage","value":"0"},{"widgetId":44,"type":"attrib","option":"enableStat","value":"Inherit"},{"widgetId":44,"type":"attrib","option":"filter","value":null},{"widgetId":44,"type":"attrib","option":"filterClauses","value":"[]"},{"widgetId":44,"type":"attrib","option":"fontColor","value":null},{"widgetId":44,"type":"attrib","option":"fontFamily","value":null},{"widgetId":44,"type":"attrib","option":"fontSize","value":null},{"widgetId":44,"type":"attrib","option":"lowerLimit","value":"0"},{"widgetId":44,"type":"attrib","option":"name","value":null},{"widgetId":44,"type":"attrib","option":"noDataMessage_advanced","value":"0"},{"widgetId":44,"type":"attrib","option":"orderClauses","value":"[]"},{"widgetId":44,"type":"attrib","option":"ordering","value":null},{"widgetId":44,"type":"attrib","option":"overrideTemplate","value":"1"},{"widgetId":44,"type":"attrib","option":"rowsPerPage","value":null},{"widgetId":44,"type":"attrib","option":"showHeadings","value":"1"},{"widgetId":44,"type":"attrib","option":"templateId","value":"empty"},{"widgetId":44,"type":"attrib","option":"updateInterval","value":"5"},{"widgetId":44,"type":"attrib","option":"upperLimit","value":"0"},{"widgetId":44,"type":"attrib","option":"useFilteringClause","value":"0"},{"widgetId":44,"type":"attrib","option":"useOrderingClause","value":"0"},{"widgetId":44,"type":"cdata","option":"javaScript","value":"WebFontConfig = {\r\n  google: {\r\n    families: ['Inter:400']\r\n  }\r\n};\r\n\r\n(function(d) {\r\n  var wf = d.createElement('script'), s = d.scripts[0];\r\n  wf.src = 'https:\/\/ajax.googleapis.com\/ajax\/libs\/webfont\/1.6.26\/webfont.js';\r\n  wf.async = true;\r\n  s.parentNode.insertBefore(wf, s);\r\n})(document);"},{"widgetId":44,"type":"cdata","option":"noDataMessage","value":"<span style=\"font-size: 48px; color:#000000;\">No Data returned from the source<\/span>"},{"widgetId":44,"type":"cdata","option":"styleSheet","value":"@import url('https:\/\/fonts.googleapis.com\/css2 family=Inter&display=swap');\r\n\r\ntable.DataSetTable {\r\n  font-family: \"Inter\", sans-serif;  \r\n  width:100%;\r\n  border-collapse:collapse;\r\n}\r\n\r\ntr.HeaderRow {\r\n  font-size:40pt;\r\n  text-align:center;\r\n  padding: 10px auto;\r\n  background-color:#009051;\r\n  color:#ffffff;\r\n}\r\n\r\ntr#row_1 { \r\n  color:#000000;\r\n  background-color:#EAF2D3;\r\n}\r\n\r\ntd#col_1 {\r\n  color:#000000;\r\n  background-color:#EAF2D3;\r\n}\r\n\r\ntd.DataSetColumn {\r\n  color: black;\r\n  font-size: 24pt;\r\n  background-color:#EAF2D3;\r\n  border:1px solid #98bf21\r\n}\r\n\r\ntr.DataSetRow {\r\n  text-align: center;\r\n  color: #000000;\r\n  background-color: #EAF2D3;\r\n  border: 1px solid #98bf21\r\n  padding-top: 5px;\r\n  padding-bottom: 4px;\r\n}\r\n\r\nth.DataSetColumnHeaderCell {\r\n  font-size:1em;\r\n  border:2px solid #ffdd21;\r\n  padding:3px 7px 2px 7px;\r\n}\r\n\r\nspan#1_1 {\r\n\r\n}\r\n\r\nspan.DataSetColumnSpan {\r\n\r\n}"}],"mediaIds":["1"],"audio":[],"permissions":[],"playlist":"Kominfo Kab. Malang-7","tempId":null,"isNew":false}],"permissions":[],"tempId":null,"tagValues":null,"owner":"admin","groupsWithPermissions":null}},{"regionId":30,"layoutId":7,"ownerId":1,"name":"Runnig Text","width":"1592","height":"120","top":"959","left":"0","zIndex":0,"regionOptions":[{"regionId":30,"option":"loop","value":"0"},{"regionId":30,"option":"transitionDirection","value":"N"},{"regionId":30,"option":"transitionDuration","value":""},{"regionId":30,"option":"transitionType","value":""}],"permissions":[],"duration":"60","tempId":null,"regionPlaylist":{"playlistId":30,"ownerId":1,"name":"Runnig Text","regionId":30,"isDynamic":0,"filterMediaName":null,"filterMediaTags":null,"createdDt":"2021-07-30 07:43:27","modifiedDt":"2021-07-30 07:43:28","duration":"0","requiresDurationUpdate":1,"enableStat":null,"tags":[],"widgets":[{"widgetId":39,"playlistId":30,"ownerId":1,"type":"embedded","duration":60,"displayOrder":"1","useDuration":0,"calculatedDuration":60,"createdDt":1627623789,"modifiedDt":1627623807,"fromDt":0,"toDt":2147483647,"transitionIn":null,"transitionOut":null,"transitionDurationIn":null,"transitionDurationOut":null,"widgetOptions":[{"widgetId":39,"type":"attrib","option":"embedHtml_advanced","value":"0"},{"widgetId":39,"type":"attrib","option":"enableStat","value":"Inherit"},{"widgetId":39,"type":"attrib","option":"lowerLimit","value":"0"},{"widgetId":39,"type":"attrib","option":"scaleContent","value":"0"},{"widgetId":39,"type":"attrib","option":"transparency","value":"0"},{"widgetId":39,"type":"attrib","option":"updateInterval","value":"525600"},{"widgetId":39,"type":"attrib","option":"upperLimit","value":"0"},{"widgetId":39,"type":"cdata","option":"embedHtml","value":"<article>\n<div>\n<marquee><span style=\"font-size: 30px; color:#fff;\">Selamat Datang di Diskominfo Kabupaten Malang<\/span><\/marquee>\n<\/div>\n<\/article>"},{"widgetId":39,"type":"cdata","option":"embedStyle","value":"body {\ntext-align: center;\npadding: 8px;\nbackground-image: url('https:\/\/diskominfo.okuselatankab.go.id\/wp-content\/uploads\/sites\/8\/2018\/05\/Web-Background-2.jpg');\n}\n\narticle {\ndisplay: block;\nmax-width: 700px;\nmargin: 0 auto;\nmargin-top: 15px;\n}"}],"mediaIds":[],"audio":[],"permissions":[],"playlist":"Runnig Text","tempId":null,"isNew":false}],"permissions":[],"tempId":null,"tagValues":null,"owner":"admin","groupsWithPermissions":null}},{"regionId":32,"layoutId":7,"ownerId":1,"name":"Video","width":"761","height":"535","top":"336","left":"92","zIndex":0,"regionOptions":[{"regionId":32,"option":"loop","value":"0"},{"regionId":32,"option":"transitionDirection","value":"N"},{"regionId":32,"option":"transitionDuration","value":null},{"regionId":32,"option":"transitionType","value":null}],"permissions":[],"duration":"60","tempId":null,"regionPlaylist":{"playlistId":32,"ownerId":1,"name":"Video","regionId":32,"isDynamic":0,"filterMediaName":null,"filterMediaTags":null,"createdDt":"2021-07-30 07:43:27","modifiedDt":"2021-08-02 07:52:32","duration":"0","requiresDurationUpdate":1,"enableStat":null,"tags":[],"widgets":[{"widgetId":41,"playlistId":32,"ownerId":1,"type":"embedded","duration":60,"displayOrder":"1","useDuration":0,"calculatedDuration":60,"createdDt":1627623789,"modifiedDt":1627623807,"fromDt":0,"toDt":2147483647,"transitionIn":null,"transitionOut":null,"transitionDurationIn":null,"transitionDurationOut":null,"widgetOptions":[{"widgetId":41,"type":"attrib","option":"embedHtml_advanced","value":"0"},{"widgetId":41,"type":"attrib","option":"enableStat","value":"Inherit"},{"widgetId":41,"type":"attrib","option":"lowerLimit","value":"0"},{"widgetId":41,"type":"attrib","option":"name","value":"Youtube Video Kominfo Kab. Malang"},{"widgetId":41,"type":"attrib","option":"scaleContent","value":"0"},{"widgetId":41,"type":"attrib","option":"transparency","value":"0"},{"widgetId":41,"type":"attrib","option":"updateInterval","value":"525600"},{"widgetId":41,"type":"attrib","option":"upperLimit","value":"0"},{"widgetId":41,"type":"cdata","option":"embedHtml","value":"<div id=\"player\"><\/div>\n\n<script>\n    var tag = document.createElement('script');\n    tag.src = \"https:\/\/www.youtube.com\/iframe_api\";\n    var firstScriptTag = document.getElementsByTagName('script')[0];\n    firstScriptTag.parentNode.insertBefore(tag, firstScriptTag);\n    var player;\n\n    function onYouTubePlayerAPIReady() {\n        player = new YT.Player('player', {\n            height: '295',\n            width: '525',\n            events: {\n                'onReady': onPlayerReady,\n            }\n        });\n    }\n\n    function onPlayerReady(event) {\n        event.target.loadPlaylist(['fxkKjJ4d3sQ', '68NgIjuL48U', 'A_7OCfPadiU']);\n        event.target.setLoop(true);\n    }\n<\/script>"}],"mediaIds":[],"audio":[],"permissions":[],"playlist":"Video","tempId":null,"isNew":false}],"permissions":[],"tempId":null,"tagValues":null,"owner":"admin","groupsWithPermissions":null}}],"tags":[{"tagId":4,"tag":"imported","isSystem":0,"isRequired":0,"options":null,"layouts":[],"playlists":[],"campaigns":[],"medias":[],"displayGroups":[],"value":null}],"permissions":[],"campaigns":[],"owner":"admin","groupsWithPermissions":null,"tagValues":"NULL"}}