[
    {
        "dataSetId": 4,
        "dataSet": "agenda",
        "description": null,
        "userId": 1,
        "lastDataEdit": 1627009974,
        "owner": "admin",
        "groupsWithPermissions": null,
        "code": null,
        "isLookup": 0,
        "isRemote": 0,
        "method": null,
        "uri": null,
        "postData": null,
        "authentication": null,
        "username": null,
        "password": null,
        "customHeaders": null,
        "refreshRate": 86400,
        "clearRate": 0,
        "runsAfter": 0,
        "lastSync": 0,
        "lastClear": 0,
        "dataRoot": null,
        "summarize": null,
        "summarizeField": null,
        "sourceId": 0,
        "ignoreFirstRow": 0,
        "columns": [
            {
                "dataSetColumnId": 8,
                "dataSetId": 4,
                "heading": "Keterangan",
                "dataTypeId": 1,
                "dataSetColumnTypeId": 1,
                "listContent": null,
                "columnOrder": "1",
                "formula": null,
                "dataType": "String",
                "remoteField": null,
                "showFilter": 0,
                "showSort": 0,
                "dataSetColumnType": "Value"
            },
            {
                "dataSetColumnId": 9,
                "dataSetId": 4,
                "heading": "Tempat",
                "dataTypeId": 1,
                "dataSetColumnTypeId": 1,
                "listContent": null,
                "columnOrder": "2",
                "formula": null,
                "dataType": "String",
                "remoteField": null,
                "showFilter": 0,
                "showSort": 0,
                "dataSetColumnType": "Value"
            },
            {
                "dataSetColumnId": 10,
                "dataSetId": 4,
                "heading": "Jam",
                "dataTypeId": 1,
                "dataSetColumnTypeId": 1,
                "listContent": null,
                "columnOrder": "3",
                "formula": null,
                "dataType": "String",
                "remoteField": null,
                "showFilter": 0,
                "showSort": 0,
                "dataSetColumnType": "Value"
            },
            {
                "dataSetColumnId": 11,
                "dataSetId": 4,
                "heading": "FullDate",
                "dataTypeId": 3,
                "dataSetColumnTypeId": 1,
                "listContent": null,
                "columnOrder": "4",
                "formula": null,
                "dataType": "Date",
                "remoteField": null,
                "showFilter": 0,
                "showSort": 0,
                "dataSetColumnType": "Value"
            },
            {
                "dataSetColumnId": 12,
                "dataSetId": 4,
                "heading": "Tanggal",
                "dataTypeId": 3,
                "dataSetColumnTypeId": 2,
                "listContent": null,
                "columnOrder": "5",
                "formula": "$dateFormat([FullDate|4], l d-m-Y)",
                "dataType": "Date",
                "remoteField": null,
                "showFilter": 0,
                "showSort": 0,
                "dataSetColumnType": "Formula"
            }
        ]
    },
    {
        "dataSetId": 5,
        "dataSet": "piket",
        "description": null,
        "userId": 1,
        "lastDataEdit": 1627616388,
        "owner": "admin",
        "groupsWithPermissions": null,
        "code": null,
        "isLookup": 0,
        "isRemote": 0,
        "method": null,
        "uri": null,
        "postData": null,
        "authentication": null,
        "username": null,
        "password": null,
        "customHeaders": null,
        "refreshRate": 86400,
        "clearRate": 0,
        "runsAfter": 0,
        "lastSync": 0,
        "lastClear": 0,
        "dataRoot": null,
        "summarize": null,
        "summarizeField": null,
        "sourceId": 0,
        "ignoreFirstRow": 0,
        "columns": [
            {
                "dataSetColumnId": 13,
                "dataSetId": 5,
                "heading": "Hari",
                "dataTypeId": 1,
                "dataSetColumnTypeId": 1,
                "listContent": null,
                "columnOrder": "1",
                "formula": null,
                "dataType": "String",
                "remoteField": null,
                "showFilter": 0,
                "showSort": 0,
                "dataSetColumnType": "Value"
            },
            {
                "dataSetColumnId": 14,
                "dataSetId": 5,
                "heading": "Nama1",
                "dataTypeId": 1,
                "dataSetColumnTypeId": 1,
                "listContent": null,
                "columnOrder": "2",
                "formula": null,
                "dataType": "String",
                "remoteField": null,
                "showFilter": 0,
                "showSort": 0,
                "dataSetColumnType": "Value"
            },
            {
                "dataSetColumnId": 15,
                "dataSetId": 5,
                "heading": "Nama2",
                "dataTypeId": 1,
                "dataSetColumnTypeId": 1,
                "listContent": null,
                "columnOrder": "3",
                "formula": null,
                "dataType": "String",
                "remoteField": null,
                "showFilter": 0,
                "showSort": 0,
                "dataSetColumnType": "Value"
            }
        ]
    }
]