<?xml version="1.0"?>
<layout width="1920" height="1080" bgcolor="#ffffff" schemaVersion="3" enableStat="0"><region id="6" width="1920" height="1080" top="0" left="0"><options><loop>0</loop><transitionDirection>N</transitionDirection><transitionDuration/><transitionType/></options><media id="25" type="image" render="native" duration="10" useDuration="0" fromDt="1970-01-01 00:00:00" toDt="2038-01-19 03:14:07" enableStat="0" fileId="33"><options><uri>33.jpeg</uri><enableStat>Inherit</enableStat><scaleType>center</scaleType></options><raw/></media></region><region id="10" width="300" height="120" top="961" left="1604"><options><loop>0</loop><transitionDirection>N</transitionDirection><transitionDuration/><transitionType/></options><media id="16" type="embedded" render="native" duration="60" useDuration="0" fromDt="1970-01-01 00:00:00" toDt="2038-01-19 03:14:07" enableStat="0"><options><embedHtml_advanced>0</embedHtml_advanced><enableStat>Inherit</enableStat><lowerLimit>0</lowerLimit><scaleContent>0</scaleContent><transparency>0</transparency><upperLimit>0</upperLimit><updateInterval>525600</updateInterval></options><raw><embedHtml><![CDATA[<link rel="preconnect" href="https://fonts.googleapis.com">
<link rel="preconnect" href="https://fonts.gstatic.com" crossorigin>
<link href="https://fonts.googleapis.com/css2?family=Inter&display=swap" rel="stylesheet">

<span style="font-size: 32px; color:#000;" id="date"></span>
<script>
    setInterval(function() {
        n = new Date();
        d = (n.getDate() < 10 ? '0' : '') + (n.getDate());
        m = ((n.getMonth() + 1) < 10 ? '0' : '') + (n.getMonth() + 1);
        y = n.getFullYear();
        h = (n.getHours() < 10 ? '0' : '') + (n.getHours());
        min = (n.getMinutes() < 10 ? '0' : '') + (n.getMinutes())
        sec = (n.getSeconds() < 10 ? '0' : '') + (n.getSeconds())
        document.getElementById("date").innerHTML = d + "/" + m + "/" + y + "  " + h + ":" + min + ":" + sec;
    }, 100);
</script>]]></embedHtml><embedStyle><![CDATA[* {
    font-family: 'Inter', sans-serif;
}]]></embedStyle></raw></media></region><region id="16" width="520" height="319" top="445" left="0"><options><loop>0</loop><transitionDirection>N</transitionDirection><transitionDuration/><transitionType/></options><media id="30" type="datasetticker" render="html" duration="10" useDuration="0" fromDt="1970-01-01 00:00:00" toDt="2038-01-19 03:14:07" enableStat="0"><options><dataSetId>5</dataSetId><durationIsPerItem>0</durationIsPerItem><effect>none</effect><enableStat>Inherit</enableStat><filterClauses>[]</filterClauses><itemsSideBySide>0</itemsSideBySide><lowerLimit>0</lowerLimit><noDataMessage_advanced>0</noDataMessage_advanced><numItems>5</numItems><orderClauses>[]</orderClauses><randomiseItems>0</randomiseItems><speed>2</speed><ta_text_advanced>0</ta_text_advanced><updateInterval>5</updateInterval><upperLimit>0</upperLimit><useFilteringClause>0</useFilteringClause><useOrderingClause>0</useOrderingClause></options><raw><css><![CDATA[* {
font-family: Inter, 'sans-serif';
}

table, th, td {
  border: 1px solid black;
  border-collapse: collapse;
}
th, td {
  width: 100px;
  padding: 5px;
}]]></css><noDataMessage><![CDATA[<span style="font-size: 48px; color:#000000;">No Data returned from the source</span>]]></noDataMessage><template><![CDATA[<link rel="preconnect" href="https://fonts.googleapis.com">
<link rel="preconnect" href="https://fonts.gstatic.com" crossorigin>
<link href="https://fonts.googleapis.com/css2?family=Inter&display=swap" rel="stylesheet">

<table style="width: 100%; margin-left:auto; margin-right:auto;"  border="1">
  <tr>
    <th style="text-align: center;" rowspan="2">[Hari|13]</th>
    <td style="text-align: center;">[Nama1|14]</td>
  </tr>
  <tr>
    <td style="text-align: center;">[Nama2|15]</td>
  </tr>
</table>]]></template></raw></media></region><region id="17" width="520" height="157" top="280" left="0"><options><loop>0</loop><transitionDirection>N</transitionDirection><transitionDuration/><transitionType/></options><media id="34" type="embedded" render="native" duration="60" useDuration="0" fromDt="1970-01-01 00:00:00" toDt="2038-01-19 03:14:07" enableStat="0"><options><embedHtml_advanced>0</embedHtml_advanced><enableStat>Inherit</enableStat><lowerLimit>0</lowerLimit><scaleContent>0</scaleContent><transparency>0</transparency><upperLimit>0</upperLimit><updateInterval>525600</updateInterval></options><raw><embedHtml><![CDATA[<h3>Jadwal Piket</h3>]]></embedHtml><embedStyle><![CDATA[h3 {
  margin: 0;
  position: absolute;
  left: 50%;
  top: 50%;
  top: 50%;
  left: 50%;
  -ms-transform: translate(-50%, -50%);
  transform: translate(-50%, -50%);
}]]></embedStyle></raw></media></region><region id="12" width="1592" height="120" top="959" left="0"><options><loop>0</loop><transitionDirection>N</transitionDirection><transitionDuration/><transitionType/></options><media id="24" type="embedded" render="native" duration="60" useDuration="0" fromDt="1970-01-01 00:00:00" toDt="2038-01-19 03:14:07" enableStat="0"><options><embedHtml_advanced>0</embedHtml_advanced><enableStat>Inherit</enableStat><lowerLimit>0</lowerLimit><scaleContent>0</scaleContent><transparency>0</transparency><upperLimit>0</upperLimit><updateInterval>525600</updateInterval></options><raw><embedHtml><![CDATA[<article>
<div>
<marquee><span style="font-size: 30px; color:#fff;">Selamat Datang di Diskominfo Kabupaten Malang</span></marquee>
</div>
</article>]]></embedHtml><embedStyle><![CDATA[body {
text-align: center;
padding: 8px;
background-image: url('https://diskominfo.okuselatankab.go.id/wp-content/uploads/sites/8/2018/05/Web-Background-2.jpg');
}

article {
display: block;
max-width: 700px;
margin: 0 auto;
margin-top: 15px;
}]]></embedStyle></raw></media></region><region id="15" width="461" height="477" top="284" left="1443"><options><loop>0</loop><transitionDirection>N</transitionDirection><transitionDuration/><transitionType/></options><media id="28" type="datasetticker" render="html" duration="10" useDuration="0" fromDt="1970-01-01 00:00:00" toDt="2038-01-19 03:14:07" enableStat="0"><options><dataSetId>4</dataSetId><durationIsPerItem>0</durationIsPerItem><effect>fade</effect><enableStat>Inherit</enableStat><filterClauses>[]</filterClauses><itemsSideBySide>0</itemsSideBySide><lowerLimit>0</lowerLimit><noDataMessage_advanced>0</noDataMessage_advanced><numItems>4</numItems><orderClauses>[]</orderClauses><randomiseItems>0</randomiseItems><speed>2</speed><ta_text_advanced>0</ta_text_advanced><updateInterval>5</updateInterval><upperLimit>0</upperLimit><useFilteringClause>0</useFilteringClause><useOrderingClause>0</useOrderingClause></options><raw><css><![CDATA[* {
    font-family: 'Inter', sans-serif;
    color: #ffffff;
    margin: 0px;
    padding: 0px;
}

body {
    background-color: rgb(39,55,89);
}

h1 {
    text-align: center;
    background-color: rgba(255, 0, 0, 0.4);
    font-size: 48pt;
    padding-bottom: 5px;
    margin-bottom: 65px;
}

p {
    margin-left: 75px;
}

p.keterangan {
    font-size: 32pt;
    font-weight: bold;
    margin-bottom: 20px;
}

p.tanggal {
    font-size: 28pt;
}

p.tempat {
    font-size: 28pt;
    margin-bottom: 20px;
}

p.jam {
    font-size: 32pt;
    font-weight: bold;
}]]></css><noDataMessage><![CDATA[<span style="font-size: 48px; color:#000000;">No Data returned from the source</span>]]></noDataMessage><template><![CDATA[<link rel="preconnect" href="https://fonts.googleapis.com">
<link rel="preconnect" href="https://fonts.gstatic.com" crossorigin>
<link href="https://fonts.googleapis.com/css2?family=Inter&display=swap" rel="stylesheet">

<h1 class="agenda">Agenda</h1>

<p class="keterangan">[Keterangan|8]</p>

<p class="tanggal">[Tanggal|12]</p>

<p class="tempat">[Tempat|9]</p>

<p class="jam">[Jam|10]</p>]]></template></raw></media></region><region id="7" width="881" height="483" top="280" left="540"><options><loop>0</loop><transitionDirection>N</transitionDirection><transitionDuration/><transitionType/></options><media id="12" type="embedded" render="native" duration="60" useDuration="0" fromDt="1970-01-01 00:00:00" toDt="2038-01-19 03:14:07" enableStat="0"><options><embedHtml_advanced>0</embedHtml_advanced><enableStat>Inherit</enableStat><lowerLimit>0</lowerLimit><name>Youtube Video Kominfo Kab. Malang</name><scaleContent>0</scaleContent><transparency>0</transparency><upperLimit>0</upperLimit><updateInterval>525600</updateInterval></options><raw><embedHtml><![CDATA[<div id="player"></div>

<script>
    var tag = document.createElement('script');
    tag.src = "https://www.youtube.com/iframe_api";
    var firstScriptTag = document.getElementsByTagName('script')[0];
    firstScriptTag.parentNode.insertBefore(tag, firstScriptTag);
    var player;

    function onYouTubePlayerAPIReady() {
        player = new YT.Player('player', {
            height: '295',
            width: '525',
            events: {
                'onReady': onPlayerReady,
            }
        });
    }

    function onPlayerReady(event) {
        event.target.loadPlaylist(['fxkKjJ4d3sQ', '68NgIjuL48U', 'A_7OCfPadiU']);
        event.target.setLoop(true);
    }
</script>]]></embedHtml></raw></media></region><tags/></layout>
