{"layout":"Kominfo Kab. Malang","description":null,"regions":{"6":"Background","10":"Date","16":"Piket","17":"Piket-1","12":"Runnig Text","15":"Rutinitas","7":"Video"},"layoutDefinitions":{"layoutId":3,"ownerId":1,"campaignId":2,"parentId":null,"publishedStatusId":1,"publishedStatus":"Published","publishedDate":null,"backgroundImageId":null,"schemaVersion":3,"layout":"Kominfo Kab. Malang","description":null,"backgroundColor":"#ffffff","createdDt":"2021-07-07 02:33:23","modifiedDt":"2021-07-30 05:41:42","status":2,"retired":0,"backgroundzIndex":0,"width":1920,"height":1080,"displayOrder":null,"duration":60,"statusMessage":null,"enableStat":0,"autoApplyTransitions":0,"regions":[{"regionId":6,"layoutId":3,"ownerId":1,"name":"Background","width":"1920","height":"1080","top":"0","left":"0","zIndex":0,"regionOptions":[{"regionId":6,"option":"loop","value":"0"},{"regionId":6,"option":"transitionDirection","value":"N"},{"regionId":6,"option":"transitionDuration","value":null},{"regionId":6,"option":"transitionType","value":null}],"permissions":[],"duration":"10","tempId":null,"regionPlaylist":{"playlistId":6,"ownerId":1,"name":"Background","regionId":6,"isDynamic":0,"filterMediaName":null,"filterMediaTags":null,"createdDt":"2021-07-07 02:33:23","modifiedDt":"2021-07-15 02:21:25","duration":"0","requiresDurationUpdate":1,"enableStat":null,"tags":[],"widgets":[{"widgetId":25,"playlistId":6,"ownerId":1,"type":"image","duration":10,"displayOrder":"1","useDuration":0,"calculatedDuration":10,"createdDt":1626315678,"modifiedDt":1626315678,"fromDt":0,"toDt":2147483647,"transitionIn":null,"transitionOut":null,"transitionDurationIn":null,"transitionDurationOut":null,"widgetOptions":[{"widgetId":25,"type":"attrib","option":"enableStat","value":"Inherit"},{"widgetId":25,"type":"attrib","option":"scaleType","value":"center"}],"mediaIds":["33"],"audio":[],"permissions":[],"playlist":"Background","tempId":null,"isNew":false}],"permissions":[],"tempId":null,"tagValues":null,"owner":"admin","groupsWithPermissions":null}},{"regionId":10,"layoutId":3,"ownerId":1,"name":"Date","width":"300","height":"120","top":"961","left":"1604","zIndex":0,"regionOptions":[{"regionId":10,"option":"loop","value":"0"},{"regionId":10,"option":"transitionDirection","value":"N"},{"regionId":10,"option":"transitionDuration","value":null},{"regionId":10,"option":"transitionType","value":null}],"permissions":[],"duration":"60","tempId":null,"regionPlaylist":{"playlistId":10,"ownerId":1,"name":"Date","regionId":10,"isDynamic":0,"filterMediaName":null,"filterMediaTags":null,"createdDt":"2021-07-09 02:58:40","modifiedDt":"2021-07-30 02:24:57","duration":"0","requiresDurationUpdate":1,"enableStat":null,"tags":[],"widgets":[{"widgetId":16,"playlistId":10,"ownerId":1,"type":"embedded","duration":60,"displayOrder":"1","useDuration":0,"calculatedDuration":60,"createdDt":1625811511,"modifiedDt":1627612571,"fromDt":0,"toDt":2147483647,"transitionIn":null,"transitionOut":null,"transitionDurationIn":null,"transitionDurationOut":null,"widgetOptions":[{"widgetId":16,"type":"attrib","option":"embedHtml_advanced","value":"0"},{"widgetId":16,"type":"attrib","option":"enableStat","value":"Inherit"},{"widgetId":16,"type":"attrib","option":"lowerLimit","value":"0"},{"widgetId":16,"type":"attrib","option":"name","value":null},{"widgetId":16,"type":"attrib","option":"scaleContent","value":"0"},{"widgetId":16,"type":"attrib","option":"transparency","value":"0"},{"widgetId":16,"type":"attrib","option":"upperLimit","value":"0"},{"widgetId":16,"type":"cdata","option":"embedHtml","value":"<link rel=\"preconnect\" href=\"https:\/\/fonts.googleapis.com\">\r\n<link rel=\"preconnect\" href=\"https:\/\/fonts.gstatic.com\" crossorigin>\r\n<link href=\"https:\/\/fonts.googleapis.com\/css2?family=Inter&display=swap\" rel=\"stylesheet\">\r\n\r\n<span style=\"font-size: 32px; color:#000;\" id=\"date\"><\/span>\r\n<script>\r\n    setInterval(function() {\r\n        n = new Date();\r\n        d = (n.getDate() < 10 ? '0' : '') + (n.getDate());\r\n        m = ((n.getMonth() + 1) < 10 ? '0' : '') + (n.getMonth() + 1);\r\n        y = n.getFullYear();\r\n        h = (n.getHours() < 10 ? '0' : '') + (n.getHours());\r\n        min = (n.getMinutes() < 10 ? '0' : '') + (n.getMinutes())\r\n        sec = (n.getSeconds() < 10 ? '0' : '') + (n.getSeconds())\r\n        document.getElementById(\"date\").innerHTML = d + \"\/\" + m + \"\/\" + y + \"  \" + h + \":\" + min + \":\" + sec;\r\n    }, 100);\r\n<\/script>"},{"widgetId":16,"type":"cdata","option":"embedScript","value":null},{"widgetId":16,"type":"cdata","option":"embedStyle","value":"* {\r\n    font-family: 'Inter', sans-serif;\r\n}"}],"mediaIds":[],"audio":[],"permissions":[],"playlist":"Date","tempId":null,"isNew":false}],"permissions":[],"tempId":null,"tagValues":null,"owner":"admin","groupsWithPermissions":null}},{"regionId":16,"layoutId":3,"ownerId":1,"name":"Piket","width":"520","height":"319","top":"445","left":"0","zIndex":0,"regionOptions":[{"regionId":16,"option":"loop","value":"0"},{"regionId":16,"option":"transitionDirection","value":"N"},{"regionId":16,"option":"transitionDuration","value":null},{"regionId":16,"option":"transitionType","value":null}],"permissions":[],"duration":"10","tempId":null,"regionPlaylist":{"playlistId":16,"ownerId":1,"name":"Piket","regionId":16,"isDynamic":0,"filterMediaName":null,"filterMediaTags":null,"createdDt":"2021-07-26 02:18:57","modifiedDt":"2021-07-28 02:49:38","duration":"0","requiresDurationUpdate":1,"enableStat":null,"tags":[],"widgets":[{"widgetId":30,"playlistId":16,"ownerId":1,"type":"datasetticker","duration":10,"displayOrder":"2","useDuration":0,"calculatedDuration":10,"createdDt":1627268058,"modifiedDt":1627613539,"fromDt":0,"toDt":2147483647,"transitionIn":null,"transitionOut":null,"transitionDurationIn":null,"transitionDurationOut":null,"widgetOptions":[{"widgetId":30,"type":"attrib","option":"backgroundColor","value":null},{"widgetId":30,"type":"attrib","option":"dataSetId","value":"5"},{"widgetId":30,"type":"attrib","option":"durationIsPerItem","value":"0"},{"widgetId":30,"type":"attrib","option":"effect","value":"none"},{"widgetId":30,"type":"attrib","option":"enableStat","value":"Inherit"},{"widgetId":30,"type":"attrib","option":"filter","value":null},{"widgetId":30,"type":"attrib","option":"filterClauses","value":"[]"},{"widgetId":30,"type":"attrib","option":"itemsPerPage","value":null},{"widgetId":30,"type":"attrib","option":"itemsSideBySide","value":"0"},{"widgetId":30,"type":"attrib","option":"lowerLimit","value":"0"},{"widgetId":30,"type":"attrib","option":"name","value":null},{"widgetId":30,"type":"attrib","option":"noDataMessage_advanced","value":"0"},{"widgetId":30,"type":"attrib","option":"numItems","value":"5"},{"widgetId":30,"type":"attrib","option":"orderClauses","value":"[]"},{"widgetId":30,"type":"attrib","option":"ordering","value":null},{"widgetId":30,"type":"attrib","option":"randomiseItems","value":"0"},{"widgetId":30,"type":"attrib","option":"speed","value":"2"},{"widgetId":30,"type":"attrib","option":"ta_text_advanced","value":"0"},{"widgetId":30,"type":"attrib","option":"updateInterval","value":"5"},{"widgetId":30,"type":"attrib","option":"upperLimit","value":"0"},{"widgetId":30,"type":"attrib","option":"useFilteringClause","value":"0"},{"widgetId":30,"type":"attrib","option":"useOrderingClause","value":"0"},{"widgetId":30,"type":"cdata","option":"css","value":"* {\r\nfont-family: Inter, 'sans-serif';\r\n}\r\n\r\ntable, th, td {\r\n  border: 1px solid black;\r\n  border-collapse: collapse;\r\n}\r\nth, td {\r\n  width: 100px;\r\n  padding: 5px;\r\n}"},{"widgetId":30,"type":"cdata","option":"javaScript","value":""},{"widgetId":30,"type":"cdata","option":"noDataMessage","value":"<span style=\"font-size: 48px; color:#000000;\">No Data returned from the source<\/span>"},{"widgetId":30,"type":"cdata","option":"template","value":"<link rel=\"preconnect\" href=\"https:\/\/fonts.googleapis.com\">\r\n<link rel=\"preconnect\" href=\"https:\/\/fonts.gstatic.com\" crossorigin>\r\n<link href=\"https:\/\/fonts.googleapis.com\/css2?family=Inter&display=swap\" rel=\"stylesheet\">\r\n\r\n<table style=\"width: 100%; margin-left:auto; margin-right:auto;\"  border=\"1\">\r\n  <tr>\r\n    <th style=\"text-align: center;\" rowspan=\"2\">[Hari|13]<\/th>\r\n    <td style=\"text-align: center;\">[Nama1|14]<\/td>\r\n  <\/tr>\r\n  <tr>\r\n    <td style=\"text-align: center;\">[Nama2|15]<\/td>\r\n  <\/tr>\r\n<\/table>"}],"mediaIds":[],"audio":[],"permissions":[],"playlist":"Piket","tempId":null,"isNew":false}],"permissions":[],"tempId":null,"tagValues":null,"owner":"admin","groupsWithPermissions":null}},{"regionId":17,"layoutId":3,"ownerId":1,"name":"Piket-1","width":"520","height":"157","top":"280","left":"0","zIndex":0,"regionOptions":[{"regionId":17,"option":"loop","value":"0"},{"regionId":17,"option":"transitionDirection","value":"N"},{"regionId":17,"option":"transitionDuration","value":null},{"regionId":17,"option":"transitionType","value":null}],"permissions":[],"duration":"60","tempId":null,"regionPlaylist":{"playlistId":17,"ownerId":1,"name":"Piket-1","regionId":17,"isDynamic":0,"filterMediaName":null,"filterMediaTags":null,"createdDt":"2021-07-26 04:10:42","modifiedDt":"2021-07-28 02:49:48","duration":"0","requiresDurationUpdate":1,"enableStat":null,"tags":[],"widgets":[{"widgetId":34,"playlistId":17,"ownerId":1,"type":"embedded","duration":60,"displayOrder":"1","useDuration":0,"calculatedDuration":60,"createdDt":1627272731,"modifiedDt":1627273272,"fromDt":0,"toDt":2147483647,"transitionIn":null,"transitionOut":null,"transitionDurationIn":null,"transitionDurationOut":null,"widgetOptions":[{"widgetId":34,"type":"attrib","option":"embedHtml_advanced","value":"0"},{"widgetId":34,"type":"attrib","option":"enableStat","value":"Inherit"},{"widgetId":34,"type":"attrib","option":"lowerLimit","value":"0"},{"widgetId":34,"type":"attrib","option":"name","value":null},{"widgetId":34,"type":"attrib","option":"scaleContent","value":"0"},{"widgetId":34,"type":"attrib","option":"transparency","value":"0"},{"widgetId":34,"type":"attrib","option":"upperLimit","value":"0"},{"widgetId":34,"type":"cdata","option":"embedHtml","value":"<h3>Jadwal Piket<\/h3>"},{"widgetId":34,"type":"cdata","option":"embedScript","value":null},{"widgetId":34,"type":"cdata","option":"embedStyle","value":"h3 {\r\n  margin: 0;\r\n  position: absolute;\r\n  left: 50%;\r\n  top: 50%;\r\n  top: 50%;\r\n  left: 50%;\r\n  -ms-transform: translate(-50%, -50%);\r\n  transform: translate(-50%, -50%);\r\n}"}],"mediaIds":[],"audio":[],"permissions":[],"playlist":"Piket-1","tempId":null,"isNew":false}],"permissions":[],"tempId":null,"tagValues":null,"owner":"admin","groupsWithPermissions":null}},{"regionId":12,"layoutId":3,"ownerId":1,"name":"Runnig Text","width":"1592","height":"120","top":"959","left":"0","zIndex":0,"regionOptions":[{"regionId":12,"option":"loop","value":"0"},{"regionId":12,"option":"transitionDirection","value":"N"},{"regionId":12,"option":"transitionDuration","value":null},{"regionId":12,"option":"transitionType","value":null}],"permissions":[],"duration":"60","tempId":null,"regionPlaylist":{"playlistId":12,"ownerId":1,"name":"Runnig Text","regionId":12,"isDynamic":0,"filterMediaName":null,"filterMediaTags":null,"createdDt":"2021-07-13 06:13:10","modifiedDt":"2021-07-30 02:25:12","duration":"0","requiresDurationUpdate":1,"enableStat":null,"tags":[],"widgets":[{"widgetId":24,"playlistId":12,"ownerId":1,"type":"embedded","duration":60,"displayOrder":"1","useDuration":0,"calculatedDuration":60,"createdDt":1626156835,"modifiedDt":1627439699,"fromDt":0,"toDt":2147483647,"transitionIn":null,"transitionOut":null,"transitionDurationIn":null,"transitionDurationOut":null,"widgetOptions":[{"widgetId":24,"type":"attrib","option":"embedHtml_advanced","value":"0"},{"widgetId":24,"type":"attrib","option":"enableStat","value":"Inherit"},{"widgetId":24,"type":"attrib","option":"lowerLimit","value":"0"},{"widgetId":24,"type":"attrib","option":"name","value":null},{"widgetId":24,"type":"attrib","option":"scaleContent","value":"0"},{"widgetId":24,"type":"attrib","option":"transparency","value":"0"},{"widgetId":24,"type":"attrib","option":"upperLimit","value":"0"},{"widgetId":24,"type":"cdata","option":"embedHtml","value":"<article>\r\n<div>\r\n<marquee><span style=\"font-size: 30px; color:#fff;\">Selamat Datang di Diskominfo Kabupaten Malang<\/span><\/marquee>\r\n<\/div>\r\n<\/article>"},{"widgetId":24,"type":"cdata","option":"embedScript","value":null},{"widgetId":24,"type":"cdata","option":"embedStyle","value":"body {\r\ntext-align: center;\r\npadding: 8px;\r\nbackground-image: url('https:\/\/diskominfo.okuselatankab.go.id\/wp-content\/uploads\/sites\/8\/2018\/05\/Web-Background-2.jpg');\r\n}\r\n\r\narticle {\r\ndisplay: block;\r\nmax-width: 700px;\r\nmargin: 0 auto;\r\nmargin-top: 15px;\r\n}"}],"mediaIds":[],"audio":[],"permissions":[],"playlist":"Runnig Text","tempId":null,"isNew":false}],"permissions":[],"tempId":null,"tagValues":null,"owner":"admin","groupsWithPermissions":null}},{"regionId":15,"layoutId":3,"ownerId":1,"name":"Rutinitas","width":"461","height":"477","top":"284","left":"1443","zIndex":0,"regionOptions":[{"regionId":15,"option":"loop","value":"0"},{"regionId":15,"option":"transitionDirection","value":"N"},{"regionId":15,"option":"transitionDuration","value":null},{"regionId":15,"option":"transitionType","value":null}],"permissions":[],"duration":"10","tempId":null,"regionPlaylist":{"playlistId":15,"ownerId":1,"name":"Rutinitas","regionId":15,"isDynamic":0,"filterMediaName":null,"filterMediaTags":null,"createdDt":"2021-07-23 03:22:32","modifiedDt":"2021-07-28 02:48:57","duration":"0","requiresDurationUpdate":1,"enableStat":null,"tags":[],"widgets":[{"widgetId":28,"playlistId":15,"ownerId":1,"type":"datasetticker","duration":10,"displayOrder":"1","useDuration":0,"calculatedDuration":10,"createdDt":1627010656,"modifiedDt":1627270993,"fromDt":0,"toDt":2147483647,"transitionIn":null,"transitionOut":null,"transitionDurationIn":null,"transitionDurationOut":null,"widgetOptions":[{"widgetId":28,"type":"attrib","option":"backgroundColor","value":null},{"widgetId":28,"type":"attrib","option":"dataSetId","value":"4"},{"widgetId":28,"type":"attrib","option":"durationIsPerItem","value":"0"},{"widgetId":28,"type":"attrib","option":"effect","value":"fade"},{"widgetId":28,"type":"attrib","option":"enableStat","value":"Inherit"},{"widgetId":28,"type":"attrib","option":"filter","value":null},{"widgetId":28,"type":"attrib","option":"filterClauses","value":"[]"},{"widgetId":28,"type":"attrib","option":"itemsPerPage","value":null},{"widgetId":28,"type":"attrib","option":"itemsSideBySide","value":"0"},{"widgetId":28,"type":"attrib","option":"lowerLimit","value":"0"},{"widgetId":28,"type":"attrib","option":"name","value":null},{"widgetId":28,"type":"attrib","option":"noDataMessage_advanced","value":"0"},{"widgetId":28,"type":"attrib","option":"numItems","value":"4"},{"widgetId":28,"type":"attrib","option":"orderClauses","value":"[]"},{"widgetId":28,"type":"attrib","option":"ordering","value":null},{"widgetId":28,"type":"attrib","option":"randomiseItems","value":"0"},{"widgetId":28,"type":"attrib","option":"speed","value":"2"},{"widgetId":28,"type":"attrib","option":"ta_text_advanced","value":"0"},{"widgetId":28,"type":"attrib","option":"updateInterval","value":"5"},{"widgetId":28,"type":"attrib","option":"upperLimit","value":"0"},{"widgetId":28,"type":"attrib","option":"useFilteringClause","value":"0"},{"widgetId":28,"type":"attrib","option":"useOrderingClause","value":"0"},{"widgetId":28,"type":"cdata","option":"css","value":"* {\r\n    font-family: 'Inter', sans-serif;\r\n    color: #ffffff;\r\n    margin: 0px;\r\n    padding: 0px;\r\n}\r\n\r\nbody {\r\n    background-color: rgb(39,55,89);\r\n}\r\n\r\nh1 {\r\n    text-align: center;\r\n    background-color: rgba(255, 0, 0, 0.4);\r\n    font-size: 48pt;\r\n    padding-bottom: 5px;\r\n    margin-bottom: 65px;\r\n}\r\n\r\np {\r\n    margin-left: 75px;\r\n}\r\n\r\np.keterangan {\r\n    font-size: 32pt;\r\n    font-weight: bold;\r\n    margin-bottom: 20px;\r\n}\r\n\r\np.tanggal {\r\n    font-size: 28pt;\r\n}\r\n\r\np.tempat {\r\n    font-size: 28pt;\r\n    margin-bottom: 20px;\r\n}\r\n\r\np.jam {\r\n    font-size: 32pt;\r\n    font-weight: bold;\r\n}"},{"widgetId":28,"type":"cdata","option":"javaScript","value":""},{"widgetId":28,"type":"cdata","option":"noDataMessage","value":"<span style=\"font-size: 48px; color:#000000;\">No Data returned from the source<\/span>"},{"widgetId":28,"type":"cdata","option":"template","value":"<link rel=\"preconnect\" href=\"https:\/\/fonts.googleapis.com\">\r\n<link rel=\"preconnect\" href=\"https:\/\/fonts.gstatic.com\" crossorigin>\r\n<link href=\"https:\/\/fonts.googleapis.com\/css2?family=Inter&display=swap\" rel=\"stylesheet\">\r\n\r\n<h1 class=\"agenda\">Agenda<\/h1>\r\n\r\n<p class=\"keterangan\">[Keterangan|8]<\/p>\r\n\r\n<p class=\"tanggal\">[Tanggal|12]<\/p>\r\n\r\n<p class=\"tempat\">[Tempat|9]<\/p>\r\n\r\n<p class=\"jam\">[Jam|10]<\/p>"}],"mediaIds":[],"audio":[],"permissions":[],"playlist":"Rutinitas","tempId":null,"isNew":false}],"permissions":[],"tempId":null,"tagValues":null,"owner":"admin","groupsWithPermissions":null}},{"regionId":7,"layoutId":3,"ownerId":1,"name":"Video","width":"881","height":"483","top":"280","left":"540","zIndex":0,"regionOptions":[{"regionId":7,"option":"loop","value":"0"},{"regionId":7,"option":"transitionDirection","value":"N"},{"regionId":7,"option":"transitionDuration","value":null},{"regionId":7,"option":"transitionType","value":null}],"permissions":[],"duration":"60","tempId":null,"regionPlaylist":{"playlistId":7,"ownerId":1,"name":"Video","regionId":7,"isDynamic":0,"filterMediaName":null,"filterMediaTags":null,"createdDt":"2021-07-07 02:38:45","modifiedDt":"2021-07-28 02:49:20","duration":"0","requiresDurationUpdate":1,"enableStat":null,"tags":[],"widgets":[{"widgetId":12,"playlistId":7,"ownerId":1,"type":"embedded","duration":60,"displayOrder":"1","useDuration":0,"calculatedDuration":60,"createdDt":1625628129,"modifiedDt":1626158531,"fromDt":0,"toDt":2147483647,"transitionIn":null,"transitionOut":null,"transitionDurationIn":null,"transitionDurationOut":null,"widgetOptions":[{"widgetId":12,"type":"attrib","option":"embedHtml_advanced","value":"0"},{"widgetId":12,"type":"attrib","option":"enableStat","value":"Inherit"},{"widgetId":12,"type":"attrib","option":"lowerLimit","value":"0"},{"widgetId":12,"type":"attrib","option":"name","value":"Youtube Video Kominfo Kab. Malang"},{"widgetId":12,"type":"attrib","option":"scaleContent","value":"0"},{"widgetId":12,"type":"attrib","option":"transparency","value":"0"},{"widgetId":12,"type":"attrib","option":"upperLimit","value":"0"},{"widgetId":12,"type":"cdata","option":"embedHtml","value":"<div id=\"player\"><\/div>\r\n\r\n<script>\r\n    var tag = document.createElement('script');\r\n    tag.src = \"https:\/\/www.youtube.com\/iframe_api\";\r\n    var firstScriptTag = document.getElementsByTagName('script')[0];\r\n    firstScriptTag.parentNode.insertBefore(tag, firstScriptTag);\r\n    var player;\r\n\r\n    function onYouTubePlayerAPIReady() {\r\n        player = new YT.Player('player', {\r\n            height: '295',\r\n            width: '525',\r\n            events: {\r\n                'onReady': onPlayerReady,\r\n            }\r\n        });\r\n    }\r\n\r\n    function onPlayerReady(event) {\r\n        event.target.loadPlaylist(['fxkKjJ4d3sQ', '68NgIjuL48U', 'A_7OCfPadiU']);\r\n        event.target.setLoop(true);\r\n    }\r\n<\/script>"},{"widgetId":12,"type":"cdata","option":"embedScript","value":null},{"widgetId":12,"type":"cdata","option":"embedStyle","value":null}],"mediaIds":[],"audio":[],"permissions":[],"playlist":"Video","tempId":null,"isNew":false}],"permissions":[],"tempId":null,"tagValues":null,"owner":"admin","groupsWithPermissions":null}}],"tags":[],"permissions":[],"campaigns":[],"owner":"admin","groupsWithPermissions":null,"tagValues":null}}